Model,Rank-1,Rank-5,Rank-10,mAP
,0.9332556253800932,0.9787654571254815,0.9870261504155686,0.38314964053698775
